<?xml version="1.0" encoding="UTF-8"?>
<GenRun Id="impl_1" LaunchPart="xc7a50tcsg324-3" LaunchTime="1642853015">
  <File Type="BITSTR-BMM" Name="Top_module_bd.bmm"/>
  <File Type="OPT-METHODOLOGY-DRC" Name="Top_module_methodology_drc_opted.rpt"/>
  <File Type="INIT-TIMING" Name="Top_module_timing_summary_init.rpt"/>
  <File Type="ROUTE-PWR" Name="Top_module_power_routed.rpt"/>
  <File Type="PA-TCL" Name="Top_module.tcl"/>
  <File Type="OPT-TIMING" Name="Top_module_timing_summary_opted.rpt"/>
  <File Type="OPT-DCP" Name="Top_module_opt.dcp"/>
  <File Type="ROUTE-PWR-SUM" Name="Top_module_power_summary_routed.pb"/>
  <File Type="REPORTS-TCL" Name="Top_module_reports.tcl"/>
  <File Type="OPT-DRC" Name="Top_module_drc_opted.rpt"/>
  <File Type="OPT-HWDEF" Name="Top_module.hwdef"/>
  <File Type="PWROPT-DCP" Name="Top_module_pwropt.dcp"/>
  <File Type="PWROPT-DRC" Name="Top_module_drc_pwropted.rpt"/>
  <File Type="PWROPT-TIMING" Name="Top_module_timing_summary_pwropted.rpt"/>
  <File Type="PLACE-DCP" Name="Top_module_placed.dcp"/>
  <File Type="PLACE-IO" Name="Top_module_io_placed.rpt"/>
  <File Type="PLACE-CLK" Name="Top_module_clock_utilization_placed.rpt"/>
  <File Type="PLACE-UTIL" Name="Top_module_utilization_placed.rpt"/>
  <File Type="PLACE-UTIL-PB" Name="Top_module_utilization_placed.pb"/>
  <File Type="PLACE-CTRL" Name="Top_module_control_sets_placed.rpt"/>
  <File Type="PLACE-SIMILARITY" Name="Top_module_incremental_reuse_placed.rpt"/>
  <File Type="PLACE-PRE-SIMILARITY" Name="Top_module_incremental_reuse_pre_placed.rpt"/>
  <File Type="PLACE-TIMING" Name="Top_module_timing_summary_placed.rpt"/>
  <File Type="POSTPLACE-PWROPT-DCP" Name="Top_module_postplace_pwropt.dcp"/>
  <File Type="BG-BIN" Name="Top_module.bin"/>
  <File Type="POSTPLACE-PWROPT-TIMING" Name="Top_module_timing_summary_postplace_pwropted.rpt"/>
  <File Type="PHYSOPT-DCP" Name="Top_module_physopt.dcp"/>
  <File Type="PHYSOPT-DRC" Name="Top_module_drc_physopted.rpt"/>
  <File Type="BITSTR-MSK" Name="Top_module.msk"/>
  <File Type="PHYSOPT-TIMING" Name="Top_module_timing_summary_physopted.rpt"/>
  <File Type="ROUTE-ERROR-DCP" Name="Top_module_routed_error.dcp"/>
  <File Type="ROUTE-DCP" Name="Top_module_routed.dcp"/>
  <File Type="ROUTE-BLACKBOX-DCP" Name="Top_module_routed_bb.dcp"/>
  <File Type="ROUTE-DRC" Name="Top_module_drc_routed.rpt"/>
  <File Type="ROUTE-DRC-PB" Name="Top_module_drc_routed.pb"/>
  <File Type="ROUTE-DRC-RPX" Name="Top_module_drc_routed.rpx"/>
  <File Type="BITSTR-MMI" Name="Top_module.mmi"/>
  <File Type="ROUTE-METHODOLOGY-DRC" Name="Top_module_methodology_drc_routed.rpt"/>
  <File Type="ROUTE-METHODOLOGY-DRC-RPX" Name="Top_module_methodology_drc_routed.rpx"/>
  <File Type="ROUTE-METHODOLOGY-DRC-PB" Name="Top_module_methodology_drc_routed.pb"/>
  <File Type="ROUTE-PWR-RPX" Name="Top_module_power_routed.rpx"/>
  <File Type="ROUTE-STATUS" Name="Top_module_route_status.rpt"/>
  <File Type="ROUTE-STATUS-PB" Name="Top_module_route_status.pb"/>
  <File Type="ROUTE-TIMINGSUMMARY" Name="Top_module_timing_summary_routed.rpt"/>
  <File Type="ROUTE-TIMING-PB" Name="Top_module_timing_summary_routed.pb"/>
  <File Type="ROUTE-TIMING-RPX" Name="Top_module_timing_summary_routed.rpx"/>
  <File Type="ROUTE-SIMILARITY" Name="Top_module_incremental_reuse_routed.rpt"/>
  <File Type="ROUTE-CLK" Name="Top_module_clock_utilization_routed.rpt"/>
  <File Type="ROUTE-BUS-SKEW" Name="Top_module_bus_skew_routed.rpt"/>
  <File Type="ROUTE-BUS-SKEW-PB" Name="Top_module_bus_skew_routed.pb"/>
  <File Type="ROUTE-BUS-SKEW-RPX" Name="Top_module_bus_skew_routed.rpx"/>
  <File Type="POSTROUTE-PHYSOPT-DCP" Name="Top_module_postroute_physopt.dcp"/>
  <File Type="POSTROUTE-PHYSOPT-BLACKBOX-DCP" Name="Top_module_postroute_physopt_bb.dcp"/>
  <File Type="POSTROUTE-PHYSOPT-TIMING" Name="Top_module_timing_summary_postroute_physopted.rpt"/>
  <File Type="POSTROUTE-PHYSOPT-TIMING-PB" Name="Top_module_timing_summary_postroute_physopted.pb"/>
  <File Type="POSTROUTE-PHYSOPT-TIMING-RPX" Name="Top_module_timing_summary_postroute_physopted.rpx"/>
  <File Type="POSTROUTE-PHYSOPT-BUS-SKEW" Name="Top_module_bus_skew_postroute_physopted.rpt"/>
  <File Type="POSTROUTE-PHYSOPT-BUS-SKEW-PB" Name="Top_module_bus_skew_postroute_physopted.pb"/>
  <File Type="BG-BIT" Name="Top_module.bit"/>
  <File Type="POSTROUTE-PHYSOPT-BUS-SKEW-RPX" Name="Top_module_bus_skew_postroute_physopted.rpx"/>
  <File Type="BITSTR-RBT" Name="Top_module.rbt"/>
  <File Type="BITSTR-NKY" Name="Top_module.nky"/>
  <File Type="PDI-FILE" Name="Top_module.pdi"/>
  <File Type="RCFI_FILE" Name="Top_module.rcfi"/>
  <File Type="CFI_FILE" Name="Top_module.cfi"/>
  <File Type="RNPI_FILE" Name="Top_module.rnpi"/>
  <File Type="NPI_FILE" Name="Top_module.npi"/>
  <File Type="RBD_FILE" Name="Top_module.rbd"/>
  <File Type="BITSTR-LTX" Name="debug_nets.ltx"/>
  <File Type="BITSTR-LTX" Name="Top_module.ltx"/>
  <File Type="BITSTR-SYSDEF" Name="Top_module.sysdef"/>
  <File Type="BG-BGN" Name="Top_module.bgn"/>
  <File Type="BG-DRC" Name="Top_module.drc"/>
  <File Type="RDI-RDI" Name="Top_module.vdi"/>
  <File Type="WBT-USG" Name="usage_statistics_webtalk.html"/>
  <FileSet Name="sources" Type="DesignSrcs" RelSrcDir="$PSRCDIR/sources_1" RelGenDir="$PGENDIR/sources_1">
    <Filter Type="Srcs"/>
    <File Path="$PSRCDIR/sources_1/imports/new/Clock_Divider.v">
      <FileInfo>
        <Attr Name="ImportPath" Val="$PPRDIR/../SPI/SPI.srcs/sources_1/new/Clock_Divider.v"/>
        <Attr Name="ImportTime" Val="1641299023"/>
        <Attr Name="UsedIn" Val="synthesis"/>
        <Attr Name="UsedIn" Val="implementation"/>
        <Attr Name="UsedIn" Val="simulation"/>
      </FileInfo>
    </File>
    <File Path="$PSRCDIR/sources_1/new/Debouncer.v">
      <FileInfo>
        <Attr Name="UsedIn" Val="synthesis"/>
        <Attr Name="UsedIn" Val="implementation"/>
        <Attr Name="UsedIn" Val="simulation"/>
      </FileInfo>
    </File>
    <File Path="$PSRCDIR/sources_1/new/UART_tx.v">
      <FileInfo>
        <Attr Name="UsedIn" Val="synthesis"/>
        <Attr Name="UsedIn" Val="implementation"/>
        <Attr Name="UsedIn" Val="simulation"/>
      </FileInfo>
    </File>
    <File Path="$PSRCDIR/sources_1/new/Top_module.v">
      <FileInfo>
        <Attr Name="UsedIn" Val="synthesis"/>
        <Attr Name="UsedIn" Val="implementation"/>
        <Attr Name="UsedIn" Val="simulation"/>
      </FileInfo>
    </File>
    <File Path="$PSRCDIR/sources_1/new/UART_RX.v">
      <FileInfo>
        <Attr Name="AutoDisabled" Val="1"/>
        <Attr Name="UsedIn" Val="synthesis"/>
        <Attr Name="UsedIn" Val="implementation"/>
        <Attr Name="UsedIn" Val="simulation"/>
      </FileInfo>
    </File>
    <Config>
      <Option Name="DesignMode" Val="RTL"/>
      <Option Name="TopModule" Val="Top_module"/>
    </Config>
  </FileSet>
  <FileSet Name="constrs_in" Type="Constrs" RelSrcDir="$PSRCDIR/constrs_1">
    <Filter Type="Constrs"/>
    <File Path="$PSRCDIR/constrs_1/imports/FPGA Contraint FIle/Nexys-A7-50T-Master.xdc">
      <FileInfo>
        <Attr Name="ImportPath" Val="$PPRDIR/../../FPGA Contraint FIle/Nexys-A7-50T-Master.xdc"/>
        <Attr Name="ImportTime" Val="1641642694"/>
        <Attr Name="UsedIn" Val="synthesis"/>
        <Attr Name="UsedIn" Val="implementation"/>
      </FileInfo>
    </File>
    <Config>
      <Option Name="ConstrsType" Val="XDC"/>
    </Config>
  </FileSet>
  <FileSet Name="utils" Type="Utils" RelSrcDir="$PSRCDIR/utils_1">
    <Filter Type="Utils"/>
    <Config>
      <Option Name="TopAutoSet" Val="TRUE"/>
    </Config>
  </FileSet>
  <Strategy Version="1" Minor="2">
    <StratHandle Name="Vivado Implementation Defaults" Flow="Vivado Implementation 2020"/>
    <Step Id="init_design"/>
    <Step Id="opt_design"/>
    <Step Id="power_opt_design"/>
    <Step Id="place_design"/>
    <Step Id="post_place_power_opt_design"/>
    <Step Id="phys_opt_design"/>
    <Step Id="route_design"/>
    <Step Id="post_route_phys_opt_design"/>
    <Step Id="write_bitstream"/>
  </Strategy>
</GenRun>
