<?xml version="1.0" encoding="UTF-8"?>
<GenRun Id="impl_1" LaunchPart="xc7a50tcsg324-3" LaunchTime="1641646016">
  <File Type="ROUTE-PWR" Name="SPI_Master_power_routed.rpt"/>
  <File Type="PA-TCL" Name="SPI_Master.tcl"/>
  <File Type="ROUTE-PWR-SUM" Name="SPI_Master_power_summary_routed.pb"/>
  <File Type="REPORTS-TCL" Name="SPI_Master_reports.tcl"/>
  <File Type="BITSTR-MSK" Name="SPI_Master.msk"/>
  <File Type="ROUTE-CLK" Name="SPI_Master_clock_utilization_routed.rpt"/>
  <File Type="RDI-RDI" Name="SPI_Master.vdi"/>
  <File Type="BG-BIT" Name="SPI_Master.bit"/>
  <File Type="BG-DRC" Name="SPI_Master.drc"/>
  <File Type="BG-BGN" Name="SPI_Master.bgn"/>
  <File Type="BG-BIN" Name="SPI_Master.bin"/>
  <File Type="BITSTR-RBT" Name="SPI_Master.rbt"/>
  <File Type="BITSTR-NKY" Name="SPI_Master.nky"/>
  <File Type="BITSTR-BMM" Name="SPI_Master_bd.bmm"/>
  <File Type="ROUTE-METHODOLOGY-DRC" Name="SPI_Master_methodology_drc_routed.rpt"/>
  <File Type="BITSTR-MMI" Name="SPI_Master.mmi"/>
  <File Type="BITSTR-SYSDEF" Name="SPI_Master.sysdef"/>
  <File Type="BITSTR-LTX" Name="debug_nets.ltx"/>
  <File Type="BITSTR-LTX" Name="SPI_Master.ltx"/>
  <File Type="WBT-USG" Name="usage_statistics_webtalk.html"/>
  <File Type="OPT-DRC" Name="SPI_Master_drc_opted.rpt"/>
  <File Type="OPT-HWDEF" Name="SPI_Master.hwdef"/>
  <File Type="PLACE-IO" Name="SPI_Master_io_placed.rpt"/>
  <File Type="PLACE-UTIL" Name="SPI_Master_utilization_placed.rpt"/>
  <File Type="PLACE-UTIL-PB" Name="SPI_Master_utilization_placed.pb"/>
  <File Type="PLACE-CTRL" Name="SPI_Master_control_sets_placed.rpt"/>
  <File Type="PLACE-PRE-SIMILARITY" Name="SPI_Master_incremental_reuse_pre_placed.rpt"/>
  <File Type="ROUTE-DRC" Name="SPI_Master_drc_routed.rpt"/>
  <File Type="ROUTE-DRC-PB" Name="SPI_Master_drc_routed.pb"/>
  <File Type="ROUTE-PWR-RPX" Name="SPI_Master_power_routed.rpx"/>
  <File Type="ROUTE-STATUS" Name="SPI_Master_route_status.rpt"/>
  <File Type="ROUTE-STATUS-PB" Name="SPI_Master_route_status.pb"/>
  <File Type="ROUTE-DCP" Name="SPI_Master_routed.dcp"/>
  <File Type="ROUTE-ERROR-DCP" Name="SPI_Master_routed_error.dcp"/>
  <File Type="ROUTE-BLACKBOX-DCP" Name="SPI_Master_routed_bb.dcp"/>
  <File Type="ROUTE-TIMINGSUMMARY" Name="SPI_Master_timing_summary_routed.rpt"/>
  <File Type="ROUTE-TIMING-PB" Name="SPI_Master_timing_summary_routed.pb"/>
  <File Type="ROUTE-TIMING-RPX" Name="SPI_Master_timing_summary_routed.rpx"/>
  <File Type="ROUTE-BUS-SKEW" Name="SPI_Master_bus_skew_routed.rpt"/>
  <File Type="ROUTE-BUS-SKEW-PB" Name="SPI_Master_bus_skew_routed.pb"/>
  <File Type="ROUTE-BUS-SKEW-RPX" Name="SPI_Master_bus_skew_routed.rpx"/>
  <File Type="OPT-DCP" Name="SPI_Master_opt.dcp"/>
  <File Type="PLACE-DCP" Name="SPI_Master_placed.dcp"/>
  <File Type="PWROPT-DCP" Name="SPI_Master_pwropt.dcp"/>
  <File Type="POSTPLACE-PWROPT-DCP" Name="SPI_Master_postplace_pwropt.dcp"/>
  <File Type="PHYSOPT-DCP" Name="SPI_Master_physopt.dcp"/>
  <File Type="POSTROUTE-PHYSOPT-DCP" Name="SPI_Master_postroute_physopt.dcp"/>
  <File Type="POSTROUTE-PHYSOPT-BLACKBOX-DCP" Name="SPI_Master_postroute_physopt_bb.dcp"/>
  <File Type="ROUTE-METHODOLOGY-DRC-PB" Name="SPI_Master_methodology_drc_routed.pb"/>
  <File Type="ROUTE-DRC-RPX" Name="SPI_Master_drc_routed.rpx"/>
  <File Type="ROUTE-METHODOLOGY-DRC-RPX" Name="SPI_Master_methodology_drc_routed.rpx"/>
  <File Type="PDI-FILE" Name="SPI_Master.pdi"/>
  <File Type="RCFI_FILE" Name="SPI_Master.rcfi"/>
  <File Type="CFI_FILE" Name="SPI_Master.cfi"/>
  <File Type="RNPI_FILE" Name="SPI_Master.rnpi"/>
  <File Type="NPI_FILE" Name="SPI_Master.npi"/>
  <File Type="RBD_FILE" Name="SPI_Master.rbd"/>
  <FileSet Name="sources" Type="DesignSrcs" RelSrcDir="$PSRCDIR/sources_1" RelGenDir="$PGENDIR/sources_1">
    <Filter Type="Srcs"/>
    <File Path="$PSRCDIR/sources_1/imports/SPI_VerilogFiles_2019/Clock_Divider.v">
      <FileInfo>
        <Attr Name="ImportPath" Val="$PPRDIR/../../VERILOG_Lecture/37e602ef-f4c4-490a-aaaa-ce7910e3d3a4/SPI_VerilogFiles_2019/Clock_Divider.v"/>
        <Attr Name="ImportTime" Val="1640690200"/>
        <Attr Name="UsedIn" Val="synthesis"/>
        <Attr Name="UsedIn" Val="implementation"/>
        <Attr Name="UsedIn" Val="simulation"/>
      </FileInfo>
    </File>
    <File Path="$PSRCDIR/sources_1/imports/SPI_VerilogFiles_2019/SPI_Master.v">
      <FileInfo>
        <Attr Name="ImportPath" Val="$PPRDIR/../../VERILOG_Lecture/37e602ef-f4c4-490a-aaaa-ce7910e3d3a4/SPI_VerilogFiles_2019/SPI_Master.v"/>
        <Attr Name="ImportTime" Val="1640690200"/>
        <Attr Name="UsedIn" Val="synthesis"/>
        <Attr Name="UsedIn" Val="implementation"/>
        <Attr Name="UsedIn" Val="simulation"/>
      </FileInfo>
    </File>
    <Config>
      <Option Name="DesignMode" Val="RTL"/>
      <Option Name="TopModule" Val="SPI_Master"/>
      <Option Name="TopAutoSet" Val="TRUE"/>
    </Config>
  </FileSet>
  <FileSet Name="constrs_in" Type="Constrs" RelSrcDir="$PSRCDIR/constrs_1">
    <Filter Type="Constrs"/>
    <File Path="$PSRCDIR/constrs_1/imports/FPGA Contraint FIle/Nexys-A7-50T-Master.xdc">
      <FileInfo>
        <Attr Name="ImportPath" Val="$PPRDIR/../../FPGA Contraint FIle/Nexys-A7-50T-Master.xdc"/>
        <Attr Name="ImportTime" Val="1641642694"/>
        <Attr Name="UsedIn" Val="synthesis"/>
        <Attr Name="UsedIn" Val="implementation"/>
      </FileInfo>
    </File>
    <Config>
      <Option Name="ConstrsType" Val="XDC"/>
    </Config>
  </FileSet>
  <FileSet Name="utils" Type="Utils" RelSrcDir="$PSRCDIR/utils_1">
    <Filter Type="Utils"/>
    <Config>
      <Option Name="TopAutoSet" Val="TRUE"/>
    </Config>
  </FileSet>
  <Strategy Version="1" Minor="2">
    <StratHandle Name="Vivado Implementation Defaults" Flow="Vivado Implementation 2020"/>
    <Step Id="init_design"/>
    <Step Id="opt_design"/>
    <Step Id="power_opt_design"/>
    <Step Id="place_design"/>
    <Step Id="post_place_power_opt_design"/>
    <Step Id="phys_opt_design"/>
    <Step Id="route_design"/>
    <Step Id="post_route_phys_opt_design"/>
    <Step Id="write_bitstream"/>
  </Strategy>
</GenRun>
