<?xml version="1.0" encoding="UTF-8"?>
<GenRun Id="synth_1" LaunchPart="xc7a50tcsg324-3" LaunchTime="1646058427">
  <File Type="PA-TCL" Name="Top_Module.tcl"/>
  <File Type="RDS-PROPCONSTRS" Name="Top_Module_drc_synth.rpt"/>
  <File Type="REPORTS-TCL" Name="Top_Module_reports.tcl"/>
  <File Type="RDS-RDS" Name="Top_Module.vds"/>
  <File Type="RDS-UTIL" Name="Top_Module_utilization_synth.rpt"/>
  <File Type="RDS-UTIL-PB" Name="Top_Module_utilization_synth.pb"/>
  <File Type="RDS-DCP" Name="Top_Module.dcp"/>
  <File Type="VDS-TIMINGSUMMARY" Name="Top_Module_timing_summary_synth.rpt"/>
  <File Type="VDS-TIMING-PB" Name="Top_Module_timing_summary_synth.pb"/>
  <FileSet Name="sources" Type="DesignSrcs" RelSrcDir="$PSRCDIR/sources_1" RelGenDir="$PGENDIR/sources_1">
    <Filter Type="Srcs"/>
    <File Path="$PSRCDIR/sources_1/imports/frequency/BCD_Converter.v">
      <FileInfo>
        <Attr Name="ImportPath" Val="$PPRDIR/../../frequency/BCD_Converter.v"/>
        <Attr Name="ImportTime" Val="1640690268"/>
        <Attr Name="UsedIn" Val="synthesis"/>
        <Attr Name="UsedIn" Val="implementation"/>
        <Attr Name="UsedIn" Val="simulation"/>
      </FileInfo>
    </File>
    <File Path="$PSRCDIR/sources_1/imports/frequency/Clock_Divider.v">
      <FileInfo>
        <Attr Name="ImportPath" Val="$PPRDIR/../../frequency/Clock_Divider.v"/>
        <Attr Name="ImportTime" Val="1640690268"/>
        <Attr Name="UsedIn" Val="synthesis"/>
        <Attr Name="UsedIn" Val="implementation"/>
        <Attr Name="UsedIn" Val="simulation"/>
      </FileInfo>
    </File>
    <File Path="$PSRCDIR/sources_1/imports/frequency/Debouncer.v">
      <FileInfo>
        <Attr Name="ImportPath" Val="$PPRDIR/../../frequency/Debouncer.v"/>
        <Attr Name="ImportTime" Val="1640690268"/>
        <Attr Name="UsedIn" Val="synthesis"/>
        <Attr Name="UsedIn" Val="implementation"/>
        <Attr Name="UsedIn" Val="simulation"/>
      </FileInfo>
    </File>
    <File Path="$PSRCDIR/sources_1/new/Frequency_Counter.v">
      <FileInfo>
        <Attr Name="UsedIn" Val="synthesis"/>
        <Attr Name="UsedIn" Val="implementation"/>
        <Attr Name="UsedIn" Val="simulation"/>
      </FileInfo>
    </File>
    <File Path="$PSRCDIR/sources_1/imports/frequency/SS_Decoder.v">
      <FileInfo>
        <Attr Name="ImportPath" Val="$PPRDIR/../../frequency/SS_Decoder.v"/>
        <Attr Name="ImportTime" Val="1640690268"/>
        <Attr Name="UsedIn" Val="synthesis"/>
        <Attr Name="UsedIn" Val="implementation"/>
        <Attr Name="UsedIn" Val="simulation"/>
      </FileInfo>
    </File>
    <File Path="$PSRCDIR/sources_1/imports/frequency/ad1.v">
      <FileInfo>
        <Attr Name="ImportPath" Val="$PPRDIR/../../frequency/ad1.v"/>
        <Attr Name="ImportTime" Val="1640690268"/>
        <Attr Name="UsedIn" Val="synthesis"/>
        <Attr Name="UsedIn" Val="implementation"/>
        <Attr Name="UsedIn" Val="simulation"/>
      </FileInfo>
    </File>
    <File Path="$PSRCDIR/sources_1/imports/frequency/data_update.v">
      <FileInfo>
        <Attr Name="ImportPath" Val="$PPRDIR/../../frequency/data_update.v"/>
        <Attr Name="ImportTime" Val="1640690270"/>
        <Attr Name="UsedIn" Val="synthesis"/>
        <Attr Name="UsedIn" Val="implementation"/>
        <Attr Name="UsedIn" Val="simulation"/>
      </FileInfo>
    </File>
    <File Path="$PSRCDIR/sources_1/imports/frequency/Top_Module.v">
      <FileInfo>
        <Attr Name="ImportPath" Val="$PPRDIR/../../frequency/Top_Module.v"/>
        <Attr Name="ImportTime" Val="1640690268"/>
        <Attr Name="UsedIn" Val="synthesis"/>
        <Attr Name="UsedIn" Val="implementation"/>
        <Attr Name="UsedIn" Val="simulation"/>
      </FileInfo>
    </File>
    <Config>
      <Option Name="DesignMode" Val="RTL"/>
      <Option Name="TopModule" Val="Top_Module"/>
      <Option Name="TopAutoSet" Val="TRUE"/>
    </Config>
  </FileSet>
  <FileSet Name="constrs_in" Type="Constrs" RelSrcDir="$PSRCDIR/constrs_1">
    <Filter Type="Constrs"/>
    <File Path="$PSRCDIR/constrs_1/imports/frequency/Nexys4DDR_Master.xdc">
      <FileInfo>
        <Attr Name="ImportPath" Val="$PPRDIR/../../frequency/Nexys4DDR_Master.xdc"/>
        <Attr Name="ImportTime" Val="1640690268"/>
        <Attr Name="UsedIn" Val="synthesis"/>
        <Attr Name="UsedIn" Val="implementation"/>
      </FileInfo>
    </File>
    <Config>
      <Option Name="ConstrsType" Val="XDC"/>
    </Config>
  </FileSet>
  <FileSet Name="utils" Type="Utils" RelSrcDir="$PSRCDIR/utils_1">
    <Filter Type="Utils"/>
    <Config>
      <Option Name="TopAutoSet" Val="TRUE"/>
    </Config>
  </FileSet>
  <Strategy Version="1" Minor="2">
    <StratHandle Name="Vivado Synthesis Defaults" Flow="Vivado Synthesis 2020">
      <Desc>Vivado Synthesis Defaults</Desc>
    </StratHandle>
    <Step Id="synth_design"/>
  </Strategy>
</GenRun>
