<?xml version="1.0" encoding="UTF-8"?>
<GenRun Id="impl_1" LaunchPart="xc7a50tcsg324-3" LaunchTime="1647590579">
  <File Type="BITSTR-BMM" Name="Top_Module_bd.bmm"/>
  <File Type="OPT-METHODOLOGY-DRC" Name="Top_Module_methodology_drc_opted.rpt"/>
  <File Type="INIT-TIMING" Name="Top_Module_timing_summary_init.rpt"/>
  <File Type="ROUTE-PWR" Name="Top_Module_power_routed.rpt"/>
  <File Type="PA-TCL" Name="Top_Module.tcl"/>
  <File Type="OPT-TIMING" Name="Top_Module_timing_summary_opted.rpt"/>
  <File Type="OPT-DCP" Name="Top_Module_opt.dcp"/>
  <File Type="ROUTE-PWR-SUM" Name="Top_Module_power_summary_routed.pb"/>
  <File Type="REPORTS-TCL" Name="Top_Module_reports.tcl"/>
  <File Type="OPT-DRC" Name="Top_Module_drc_opted.rpt"/>
  <File Type="OPT-HWDEF" Name="Top_Module.hwdef"/>
  <File Type="PWROPT-DCP" Name="Top_Module_pwropt.dcp"/>
  <File Type="PWROPT-DRC" Name="Top_Module_drc_pwropted.rpt"/>
  <File Type="PWROPT-TIMING" Name="Top_Module_timing_summary_pwropted.rpt"/>
  <File Type="PLACE-DCP" Name="Top_Module_placed.dcp"/>
  <File Type="PLACE-IO" Name="Top_Module_io_placed.rpt"/>
  <File Type="PLACE-CLK" Name="Top_Module_clock_utilization_placed.rpt"/>
  <File Type="PLACE-UTIL" Name="Top_Module_utilization_placed.rpt"/>
  <File Type="PLACE-UTIL-PB" Name="Top_Module_utilization_placed.pb"/>
  <File Type="PLACE-CTRL" Name="Top_Module_control_sets_placed.rpt"/>
  <File Type="PLACE-SIMILARITY" Name="Top_Module_incremental_reuse_placed.rpt"/>
  <File Type="PLACE-PRE-SIMILARITY" Name="Top_Module_incremental_reuse_pre_placed.rpt"/>
  <File Type="PLACE-TIMING" Name="Top_Module_timing_summary_placed.rpt"/>
  <File Type="POSTPLACE-PWROPT-DCP" Name="Top_Module_postplace_pwropt.dcp"/>
  <File Type="BG-BIN" Name="Top_Module.bin"/>
  <File Type="POSTPLACE-PWROPT-TIMING" Name="Top_Module_timing_summary_postplace_pwropted.rpt"/>
  <File Type="PHYSOPT-DCP" Name="Top_Module_physopt.dcp"/>
  <File Type="PHYSOPT-DRC" Name="Top_Module_drc_physopted.rpt"/>
  <File Type="BITSTR-MSK" Name="Top_Module.msk"/>
  <File Type="PHYSOPT-TIMING" Name="Top_Module_timing_summary_physopted.rpt"/>
  <File Type="ROUTE-ERROR-DCP" Name="Top_Module_routed_error.dcp"/>
  <File Type="ROUTE-DCP" Name="Top_Module_routed.dcp"/>
  <File Type="ROUTE-BLACKBOX-DCP" Name="Top_Module_routed_bb.dcp"/>
  <File Type="ROUTE-DRC" Name="Top_Module_drc_routed.rpt"/>
  <File Type="ROUTE-DRC-PB" Name="Top_Module_drc_routed.pb"/>
  <File Type="ROUTE-DRC-RPX" Name="Top_Module_drc_routed.rpx"/>
  <File Type="BITSTR-MMI" Name="Top_Module.mmi"/>
  <File Type="ROUTE-METHODOLOGY-DRC" Name="Top_Module_methodology_drc_routed.rpt"/>
  <File Type="ROUTE-METHODOLOGY-DRC-RPX" Name="Top_Module_methodology_drc_routed.rpx"/>
  <File Type="ROUTE-METHODOLOGY-DRC-PB" Name="Top_Module_methodology_drc_routed.pb"/>
  <File Type="ROUTE-PWR-RPX" Name="Top_Module_power_routed.rpx"/>
  <File Type="ROUTE-STATUS" Name="Top_Module_route_status.rpt"/>
  <File Type="ROUTE-STATUS-PB" Name="Top_Module_route_status.pb"/>
  <File Type="ROUTE-TIMINGSUMMARY" Name="Top_Module_timing_summary_routed.rpt"/>
  <File Type="ROUTE-TIMING-PB" Name="Top_Module_timing_summary_routed.pb"/>
  <File Type="ROUTE-TIMING-RPX" Name="Top_Module_timing_summary_routed.rpx"/>
  <File Type="ROUTE-SIMILARITY" Name="Top_Module_incremental_reuse_routed.rpt"/>
  <File Type="ROUTE-CLK" Name="Top_Module_clock_utilization_routed.rpt"/>
  <File Type="ROUTE-BUS-SKEW" Name="Top_Module_bus_skew_routed.rpt"/>
  <File Type="ROUTE-BUS-SKEW-PB" Name="Top_Module_bus_skew_routed.pb"/>
  <File Type="ROUTE-BUS-SKEW-RPX" Name="Top_Module_bus_skew_routed.rpx"/>
  <File Type="POSTROUTE-PHYSOPT-DCP" Name="Top_Module_postroute_physopt.dcp"/>
  <File Type="POSTROUTE-PHYSOPT-BLACKBOX-DCP" Name="Top_Module_postroute_physopt_bb.dcp"/>
  <File Type="POSTROUTE-PHYSOPT-TIMING" Name="Top_Module_timing_summary_postroute_physopted.rpt"/>
  <File Type="POSTROUTE-PHYSOPT-TIMING-PB" Name="Top_Module_timing_summary_postroute_physopted.pb"/>
  <File Type="POSTROUTE-PHYSOPT-TIMING-RPX" Name="Top_Module_timing_summary_postroute_physopted.rpx"/>
  <File Type="POSTROUTE-PHYSOPT-BUS-SKEW" Name="Top_Module_bus_skew_postroute_physopted.rpt"/>
  <File Type="POSTROUTE-PHYSOPT-BUS-SKEW-PB" Name="Top_Module_bus_skew_postroute_physopted.pb"/>
  <File Type="BG-BIT" Name="Top_Module.bit"/>
  <File Type="POSTROUTE-PHYSOPT-BUS-SKEW-RPX" Name="Top_Module_bus_skew_postroute_physopted.rpx"/>
  <File Type="BITSTR-RBT" Name="Top_Module.rbt"/>
  <File Type="BITSTR-NKY" Name="Top_Module.nky"/>
  <File Type="PDI-FILE" Name="Top_Module.pdi"/>
  <File Type="RCFI_FILE" Name="Top_Module.rcfi"/>
  <File Type="CFI_FILE" Name="Top_Module.cfi"/>
  <File Type="RNPI_FILE" Name="Top_Module.rnpi"/>
  <File Type="NPI_FILE" Name="Top_Module.npi"/>
  <File Type="RBD_FILE" Name="Top_Module.rbd"/>
  <File Type="BITSTR-LTX" Name="debug_nets.ltx"/>
  <File Type="BITSTR-LTX" Name="Top_Module.ltx"/>
  <File Type="BITSTR-SYSDEF" Name="Top_Module.sysdef"/>
  <File Type="BG-BGN" Name="Top_Module.bgn"/>
  <File Type="BG-DRC" Name="Top_Module.drc"/>
  <File Type="RDI-RDI" Name="Top_Module.vdi"/>
  <File Type="WBT-USG" Name="usage_statistics_webtalk.html"/>
  <FileSet Name="sources" Type="DesignSrcs" RelSrcDir="$PSRCDIR/sources_1" RelGenDir="$PGENDIR/sources_1">
    <Filter Type="Srcs"/>
    <File Path="$PSRCDIR/sources_1/imports/src/ALU_AND.v">
      <FileInfo>
        <Attr Name="ImportPath" Val="$PPRDIR/../../ALU/ALU/src/ALU_AND.v"/>
        <Attr Name="ImportTime" Val="1641028194"/>
        <Attr Name="UsedIn" Val="synthesis"/>
        <Attr Name="UsedIn" Val="implementation"/>
        <Attr Name="UsedIn" Val="simulation"/>
      </FileInfo>
    </File>
    <File Path="$PSRCDIR/sources_1/imports/src/ALU_OR.v">
      <FileInfo>
        <Attr Name="ImportPath" Val="$PPRDIR/../../ALU/ALU/src/ALU_OR.v"/>
        <Attr Name="ImportTime" Val="1640690280"/>
        <Attr Name="UsedIn" Val="synthesis"/>
        <Attr Name="UsedIn" Val="implementation"/>
        <Attr Name="UsedIn" Val="simulation"/>
      </FileInfo>
    </File>
    <File Path="$PSRCDIR/sources_1/imports/src/Adder.v">
      <FileInfo>
        <Attr Name="ImportPath" Val="$PPRDIR/../../ALU/ALU/src/Adder.v"/>
        <Attr Name="ImportTime" Val="1640690280"/>
        <Attr Name="UsedIn" Val="synthesis"/>
        <Attr Name="UsedIn" Val="implementation"/>
        <Attr Name="UsedIn" Val="simulation"/>
      </FileInfo>
    </File>
    <File Path="$PSRCDIR/sources_1/imports/src/BCD_Converter.v">
      <FileInfo>
        <Attr Name="ImportPath" Val="$PPRDIR/../../ALU/ALU/src/BCD_Converter.v"/>
        <Attr Name="ImportTime" Val="1640690280"/>
        <Attr Name="UsedIn" Val="synthesis"/>
        <Attr Name="UsedIn" Val="implementation"/>
        <Attr Name="UsedIn" Val="simulation"/>
      </FileInfo>
    </File>
    <File Path="$PSRCDIR/sources_1/imports/src/Controller.v">
      <FileInfo>
        <Attr Name="ImportPath" Val="$PPRDIR/../../ALU/ALU/src/Controller.v"/>
        <Attr Name="ImportTime" Val="1640690280"/>
        <Attr Name="UsedIn" Val="synthesis"/>
        <Attr Name="UsedIn" Val="implementation"/>
        <Attr Name="UsedIn" Val="simulation"/>
      </FileInfo>
    </File>
    <File Path="$PSRCDIR/sources_1/imports/src/FA1.v">
      <FileInfo>
        <Attr Name="ImportPath" Val="$PPRDIR/../../ALU/ALU/src/FA1.v"/>
        <Attr Name="ImportTime" Val="1640690280"/>
        <Attr Name="UsedIn" Val="synthesis"/>
        <Attr Name="UsedIn" Val="implementation"/>
        <Attr Name="UsedIn" Val="simulation"/>
      </FileInfo>
    </File>
    <File Path="$PSRCDIR/sources_1/imports/src/Logical_Shifter_Left.v">
      <FileInfo>
        <Attr Name="ImportPath" Val="$PPRDIR/../../ALU/ALU/src/Logical_Shifter_Left.v"/>
        <Attr Name="ImportTime" Val="1640690280"/>
        <Attr Name="UsedIn" Val="synthesis"/>
        <Attr Name="UsedIn" Val="implementation"/>
        <Attr Name="UsedIn" Val="simulation"/>
      </FileInfo>
    </File>
    <File Path="$PSRCDIR/sources_1/imports/src/Logical_Shifter_Right.v">
      <FileInfo>
        <Attr Name="ImportPath" Val="$PPRDIR/../../ALU/ALU/src/Logical_Shifter_Right.v"/>
        <Attr Name="ImportTime" Val="1640690280"/>
        <Attr Name="UsedIn" Val="synthesis"/>
        <Attr Name="UsedIn" Val="implementation"/>
        <Attr Name="UsedIn" Val="simulation"/>
      </FileInfo>
    </File>
    <File Path="$PSRCDIR/sources_1/imports/src/Rotator_Left.v">
      <FileInfo>
        <Attr Name="ImportPath" Val="$PPRDIR/../../ALU/ALU/src/Rotator_Left.v"/>
        <Attr Name="ImportTime" Val="1640690280"/>
        <Attr Name="UsedIn" Val="synthesis"/>
        <Attr Name="UsedIn" Val="implementation"/>
        <Attr Name="UsedIn" Val="simulation"/>
      </FileInfo>
    </File>
    <File Path="$PSRCDIR/sources_1/imports/src/Rotator_Right.v">
      <FileInfo>
        <Attr Name="ImportPath" Val="$PPRDIR/../../ALU/ALU/src/Rotator_Right.v"/>
        <Attr Name="ImportTime" Val="1640690280"/>
        <Attr Name="UsedIn" Val="synthesis"/>
        <Attr Name="UsedIn" Val="implementation"/>
        <Attr Name="UsedIn" Val="simulation"/>
      </FileInfo>
    </File>
    <File Path="$PSRCDIR/sources_1/imports/src/SS_Decoder.v">
      <FileInfo>
        <Attr Name="ImportPath" Val="$PPRDIR/../../ALU/ALU/src/SS_Decoder.v"/>
        <Attr Name="ImportTime" Val="1640690280"/>
        <Attr Name="UsedIn" Val="synthesis"/>
        <Attr Name="UsedIn" Val="implementation"/>
        <Attr Name="UsedIn" Val="simulation"/>
      </FileInfo>
    </File>
    <File Path="$PSRCDIR/sources_1/imports/src/Subtractor.v">
      <FileInfo>
        <Attr Name="ImportPath" Val="$PPRDIR/../../ALU/ALU/src/Subtractor.v"/>
        <Attr Name="ImportTime" Val="1640690280"/>
        <Attr Name="UsedIn" Val="synthesis"/>
        <Attr Name="UsedIn" Val="implementation"/>
        <Attr Name="UsedIn" Val="simulation"/>
      </FileInfo>
    </File>
    <File Path="$PSRCDIR/sources_1/imports/src/Top_Module.v">
      <FileInfo>
        <Attr Name="ImportPath" Val="$PPRDIR/../../ALU/ALU/src/Top_Module.v"/>
        <Attr Name="ImportTime" Val="1640690280"/>
        <Attr Name="UsedIn" Val="synthesis"/>
        <Attr Name="UsedIn" Val="implementation"/>
        <Attr Name="UsedIn" Val="simulation"/>
      </FileInfo>
    </File>
    <File Path="$PPRDIR/../../VERILOG_Lecture/ALU/ALU/src/ALU_AND.v">
      <FileInfo>
        <Attr Name="AutoDisabled" Val="1"/>
        <Attr Name="UsedIn" Val="synthesis"/>
        <Attr Name="UsedIn" Val="implementation"/>
        <Attr Name="UsedIn" Val="simulation"/>
      </FileInfo>
    </File>
    <File Path="$PPRDIR/../../VERILOG_Lecture/ALU/ALU/src/ALU_OR.v">
      <FileInfo>
        <Attr Name="AutoDisabled" Val="1"/>
        <Attr Name="UsedIn" Val="synthesis"/>
        <Attr Name="UsedIn" Val="implementation"/>
        <Attr Name="UsedIn" Val="simulation"/>
      </FileInfo>
    </File>
    <File Path="$PPRDIR/../../VERILOG_Lecture/ALU/ALU/src/Adder.v">
      <FileInfo>
        <Attr Name="AutoDisabled" Val="1"/>
        <Attr Name="UsedIn" Val="synthesis"/>
        <Attr Name="UsedIn" Val="implementation"/>
        <Attr Name="UsedIn" Val="simulation"/>
      </FileInfo>
    </File>
    <File Path="$PPRDIR/../../VERILOG_Lecture/ALU/ALU/src/BCD_Converter.v">
      <FileInfo>
        <Attr Name="AutoDisabled" Val="1"/>
        <Attr Name="UsedIn" Val="synthesis"/>
        <Attr Name="UsedIn" Val="implementation"/>
        <Attr Name="UsedIn" Val="simulation"/>
      </FileInfo>
    </File>
    <File Path="$PPRDIR/../../VERILOG_Lecture/ALU/ALU/src/Controller.v">
      <FileInfo>
        <Attr Name="AutoDisabled" Val="1"/>
        <Attr Name="UsedIn" Val="synthesis"/>
        <Attr Name="UsedIn" Val="implementation"/>
        <Attr Name="UsedIn" Val="simulation"/>
      </FileInfo>
    </File>
    <File Path="$PPRDIR/../../VERILOG_Lecture/ALU/ALU/src/FA1.v">
      <FileInfo>
        <Attr Name="AutoDisabled" Val="1"/>
        <Attr Name="UsedIn" Val="synthesis"/>
        <Attr Name="UsedIn" Val="implementation"/>
        <Attr Name="UsedIn" Val="simulation"/>
      </FileInfo>
    </File>
    <File Path="$PPRDIR/../../VERILOG_Lecture/ALU/ALU/src/Logical_Shifter_Left.v">
      <FileInfo>
        <Attr Name="AutoDisabled" Val="1"/>
        <Attr Name="UsedIn" Val="synthesis"/>
        <Attr Name="UsedIn" Val="implementation"/>
        <Attr Name="UsedIn" Val="simulation"/>
      </FileInfo>
    </File>
    <File Path="$PPRDIR/../../VERILOG_Lecture/ALU/ALU/src/Logical_Shifter_Right.v">
      <FileInfo>
        <Attr Name="AutoDisabled" Val="1"/>
        <Attr Name="UsedIn" Val="synthesis"/>
        <Attr Name="UsedIn" Val="implementation"/>
        <Attr Name="UsedIn" Val="simulation"/>
      </FileInfo>
    </File>
    <File Path="$PPRDIR/../../VERILOG_Lecture/ALU/ALU/src/Rotator_Left.v">
      <FileInfo>
        <Attr Name="AutoDisabled" Val="1"/>
        <Attr Name="UsedIn" Val="synthesis"/>
        <Attr Name="UsedIn" Val="implementation"/>
        <Attr Name="UsedIn" Val="simulation"/>
      </FileInfo>
    </File>
    <File Path="$PPRDIR/../../VERILOG_Lecture/ALU/ALU/src/Rotator_Right.v">
      <FileInfo>
        <Attr Name="AutoDisabled" Val="1"/>
        <Attr Name="UsedIn" Val="synthesis"/>
        <Attr Name="UsedIn" Val="implementation"/>
        <Attr Name="UsedIn" Val="simulation"/>
      </FileInfo>
    </File>
    <File Path="$PPRDIR/../../VERILOG_Lecture/ALU/ALU/src/SS_Decoder.v">
      <FileInfo>
        <Attr Name="AutoDisabled" Val="1"/>
        <Attr Name="UsedIn" Val="synthesis"/>
        <Attr Name="UsedIn" Val="implementation"/>
        <Attr Name="UsedIn" Val="simulation"/>
      </FileInfo>
    </File>
    <File Path="$PPRDIR/../../VERILOG_Lecture/ALU/ALU/src/Subtractor.v">
      <FileInfo>
        <Attr Name="AutoDisabled" Val="1"/>
        <Attr Name="UsedIn" Val="synthesis"/>
        <Attr Name="UsedIn" Val="implementation"/>
        <Attr Name="UsedIn" Val="simulation"/>
      </FileInfo>
    </File>
    <File Path="$PPRDIR/../../VERILOG_Lecture/ALU/ALU/src/Top_Module.v">
      <FileInfo>
        <Attr Name="AutoDisabled" Val="1"/>
        <Attr Name="UsedIn" Val="synthesis"/>
        <Attr Name="UsedIn" Val="implementation"/>
        <Attr Name="UsedIn" Val="simulation"/>
      </FileInfo>
    </File>
    <Config>
      <Option Name="DesignMode" Val="RTL"/>
      <Option Name="TopModule" Val="Top_Module"/>
      <Option Name="TopAutoSet" Val="TRUE"/>
    </Config>
  </FileSet>
  <FileSet Name="constrs_in" Type="Constrs" RelSrcDir="$PSRCDIR/constrs_1">
    <Filter Type="Constrs"/>
    <File Path="$PSRCDIR/constrs_1/imports/Desktop/ALU/ALU/constrs/Nexys4DDR_Master.xdc">
      <FileInfo>
        <Attr Name="ImportPath" Val="$PPRDIR/../../ALU/ALU/constrs/Nexys4DDR_Master.xdc"/>
        <Attr Name="ImportTime" Val="1640690280"/>
        <Attr Name="UsedIn" Val="synthesis"/>
        <Attr Name="UsedIn" Val="implementation"/>
      </FileInfo>
    </File>
    <Config>
      <Option Name="ConstrsType" Val="XDC"/>
    </Config>
  </FileSet>
  <FileSet Name="utils" Type="Utils" RelSrcDir="$PSRCDIR/utils_1">
    <Filter Type="Utils"/>
    <Config>
      <Option Name="TopAutoSet" Val="TRUE"/>
    </Config>
  </FileSet>
  <Strategy Version="1" Minor="2">
    <StratHandle Name="Vivado Implementation Defaults" Flow="Vivado Implementation 2020"/>
    <Step Id="init_design"/>
    <Step Id="opt_design"/>
    <Step Id="power_opt_design"/>
    <Step Id="place_design"/>
    <Step Id="post_place_power_opt_design"/>
    <Step Id="phys_opt_design"/>
    <Step Id="route_design"/>
    <Step Id="post_route_phys_opt_design"/>
    <Step Id="write_bitstream"/>
  </Strategy>
</GenRun>
