<?xml version="1.0" encoding="UTF-8"?>
<GenRun Id="synth_1" LaunchPart="xc7a50tcsg324-3" LaunchTime="1641646016">
  <File Type="PA-TCL" Name="SPI_Master.tcl"/>
  <File Type="REPORTS-TCL" Name="SPI_Master_reports.tcl"/>
  <File Type="RDS-RDS" Name="SPI_Master.vds"/>
  <File Type="RDS-UTIL" Name="SPI_Master_utilization_synth.rpt"/>
  <File Type="RDS-UTIL-PB" Name="SPI_Master_utilization_synth.pb"/>
  <File Type="RDS-DCP" Name="SPI_Master.dcp"/>
  <FileSet Name="sources" Type="DesignSrcs" RelSrcDir="$PSRCDIR/sources_1" RelGenDir="$PGENDIR/sources_1">
    <Filter Type="Srcs"/>
    <File Path="$PSRCDIR/sources_1/imports/SPI_VerilogFiles_2019/Clock_Divider.v">
      <FileInfo>
        <Attr Name="ImportPath" Val="$PPRDIR/../../VERILOG_Lecture/37e602ef-f4c4-490a-aaaa-ce7910e3d3a4/SPI_VerilogFiles_2019/Clock_Divider.v"/>
        <Attr Name="ImportTime" Val="1640690200"/>
        <Attr Name="UsedIn" Val="synthesis"/>
        <Attr Name="UsedIn" Val="implementation"/>
        <Attr Name="UsedIn" Val="simulation"/>
      </FileInfo>
    </File>
    <File Path="$PSRCDIR/sources_1/imports/SPI_VerilogFiles_2019/SPI_Master.v">
      <FileInfo>
        <Attr Name="ImportPath" Val="$PPRDIR/../../VERILOG_Lecture/37e602ef-f4c4-490a-aaaa-ce7910e3d3a4/SPI_VerilogFiles_2019/SPI_Master.v"/>
        <Attr Name="ImportTime" Val="1640690200"/>
        <Attr Name="UsedIn" Val="synthesis"/>
        <Attr Name="UsedIn" Val="implementation"/>
        <Attr Name="UsedIn" Val="simulation"/>
      </FileInfo>
    </File>
    <Config>
      <Option Name="DesignMode" Val="RTL"/>
      <Option Name="TopModule" Val="SPI_Master"/>
      <Option Name="TopAutoSet" Val="TRUE"/>
    </Config>
  </FileSet>
  <FileSet Name="constrs_in" Type="Constrs" RelSrcDir="$PSRCDIR/constrs_1">
    <Filter Type="Constrs"/>
    <File Path="$PSRCDIR/constrs_1/imports/FPGA Contraint FIle/Nexys-A7-50T-Master.xdc">
      <FileInfo>
        <Attr Name="ImportPath" Val="$PPRDIR/../../FPGA Contraint FIle/Nexys-A7-50T-Master.xdc"/>
        <Attr Name="ImportTime" Val="1641642694"/>
        <Attr Name="UsedIn" Val="synthesis"/>
        <Attr Name="UsedIn" Val="implementation"/>
      </FileInfo>
    </File>
    <Config>
      <Option Name="ConstrsType" Val="XDC"/>
    </Config>
  </FileSet>
  <FileSet Name="utils" Type="Utils" RelSrcDir="$PSRCDIR/utils_1">
    <Filter Type="Utils"/>
    <Config>
      <Option Name="TopAutoSet" Val="TRUE"/>
    </Config>
  </FileSet>
  <Strategy Version="1" Minor="2">
    <StratHandle Name="Vivado Synthesis Defaults" Flow="Vivado Synthesis 2020"/>
    <Step Id="synth_design"/>
  </Strategy>
</GenRun>
